TRAINING,VALIDATION
0.40961761297798377,0.13117283950617284
0.5984936268829664,0.24691358024691357
