NB EPOCHS,TRAINING,VALIDATION
10,0.409617613,0.13117284
30,0.598493627,0.24691358
50,0.825608343,0.331790123
100,0.896871379,0.38117284
200,0.961761298,0.424382716
