LEARNING_RATE,TRAINING,VALIDATION
0.0001,0.263035921,0.101851852
0.001,0.434530707,0.158950617
0.01,0.107184241,0.080246914
0.1,0.044611819,0.044753086
1,0.045770568,0.037037037
10,0.037659328,0.041666667
