TRAINING,VALIDATION
0.555619930475087,0.17746913580246915
0.5422943221320974,0.19444444444444445
