TRAINING,VALIDATION
0.2630359212050985,0.10185185185185185
0.43453070683661643,0.15895061728395063
0.10718424101969873,0.08024691358024691
0.044611819235225954,0.044753086419753084
0.04577056778679027,0.037037037037037035
0.03765932792584009,0.041666666666666664
